"url","depth","content_type","raw_file"
"https://daihoc.fpt.edu.vn/can-tho-tuyen-sinh/","0","text/html","data/raw/fpt_admission/html/307901188dea1a1ed9933f8c.html"
"https://daihoc.fpt.edu.vn/hcm/huong-dan-thu-tuc-nhap-hoc-nam-2026/","0","text/html","data/raw/fpt_admission/html/a26d5be104d31472ba980f2e.html"
"https://daihoc.fpt.edu.vn/hcmtuyensinh/","0","text/html","data/raw/fpt_admission/html/21dd6d09dd36b710df7ec4e5.html"
"https://daihoc.fpt.edu.vn/hn/tuyen-sinh","0","text/html","data/raw/fpt_admission/html/65f997ce7565e8b33be2a13d.html"
"https://daihoc.fpt.edu.vn/hoc-bong/","0","text/html","data/raw/fpt_admission/html/3f7a79d889280287228f632e.html"
"https://daihoc.fpt.edu.vn/hoc-bong/faq-hoc-bong/","0","text/html","data/raw/fpt_admission/html/f3e8a376240a3de5a9148f88.html"
"https://daihoc.fpt.edu.vn/hoc-phi-tai-campus-can-tho/","0","text/html","data/raw/fpt_admission/html/833e09c68912dfc915952493.html"
"https://daihoc.fpt.edu.vn/hoc-phi-tai-campus-da-nang/","0","text/html","data/raw/fpt_admission/html/0571643da78b8a0e152a81e1.html"
"https://daihoc.fpt.edu.vn/hoc-phi-tai-campus-quy-nhon/","0","text/html","data/raw/fpt_admission/html/8acdb9951b09f743341d2620.html"
"https://daihoc.fpt.edu.vn/hoc-phi-tai-campus-tp-ho-chi-minh/","0","text/html","data/raw/fpt_admission/html/64424cb6d1c2e38d6175ed9d.html"
"https://daihoc.fpt.edu.vn/quy-nhon/tuyen-sinh-co-so-quy-nhon/","0","text/html","data/raw/fpt_admission/html/f0fe061082fbf789daaabeb2.html"
"https://daihoc.fpt.edu.vn/thong-bao-tuyen-sinh/thong-bao-tuyen-sinh-truong-dai-hoc-fpt-he-dai-hoc-chinh-quy-nam-2026/","0","text/html","data/raw/fpt_admission/html/f7edff91f24fbc25ad34b300.html"
"https://daihoc.fpt.edu.vn/tuyen-sinh/","0","text/html","data/raw/fpt_admission/html/dfbae94a796308b1f4a308ef.html"
"https://daihoc.fpt.edu.vn/chinh-sach-tai-chinh/","1","text/html","data/raw/fpt_admission/html/629aa5733448d7c1fc12c210.html"
"https://daihoc.fpt.edu.vn/chuong-trinh-dao-tao/","1","text/html","data/raw/fpt_admission/html/e73a41af30ae616ee5816133.html"
"https://daihoc.fpt.edu.vn/chuyen-muc/thong-bao-tuyen-sinh/","1","text/html","data/raw/fpt_admission/html/71cd6fef208fe7ad2a35df22.html"
"https://daihoc.fpt.edu.vn/chuyen-nganh/an-ninh-mang-va-an-toan-so/","1","text/html","data/raw/fpt_admission/html/16ea0148a14363225c1557cc.html"
"https://daihoc.fpt.edu.vn/chuyen-nganh/an-toan-thong-tin/","1","text/html","data/raw/fpt_admission/html/a33c5d9707dfe4fe69fe61f9.html"
"https://daihoc.fpt.edu.vn/chuyen-nganh/chuyen-nganh-truyen-thong-marketing-tich-hop/","1","text/html","data/raw/fpt_admission/html/0b7724cc576c9e64fb807da6.html"
"https://daihoc.fpt.edu.vn/chuyen-nganh/cong-nghe-o-to-so/","1","text/html","data/raw/fpt_admission/html/2332850a795823bb7f6f8b7f.html"
"https://daihoc.fpt.edu.vn/chuyen-nganh/cong-nghe-tai-chinh-fintech/","1","text/html","data/raw/fpt_admission/html/b7d29837730a2827c85eccf0.html"
"https://daihoc.fpt.edu.vn/chuyen-nganh/cong-nghe-thong-tin/","1","text/html","data/raw/fpt_admission/html/348f6a580fdfa15c323dd2ee.html"
"https://daihoc.fpt.edu.vn/chuyen-nganh/he-thong-thong-tin/","1","text/html","data/raw/fpt_admission/html/f39212d257ddc9ea340f86d5.html"
"https://daihoc.fpt.edu.vn/chuyen-nganh/khoa-hoc-du-lieu-ung-dung/","1","text/html","data/raw/fpt_admission/html/3b22cbbb3dd6accb313f3e1f.html"
"https://daihoc.fpt.edu.vn/chuyen-nganh/kinh-doanh-quoc-te/","1","text/html","data/raw/fpt_admission/html/82bde6750a32343fc31e03d6.html"
"https://daihoc.fpt.edu.vn/chuyen-nganh/ky-thuat-phan-mem/","1","text/html","data/raw/fpt_admission/html/055cc3db239dfc4dc162dd77.html"
"https://daihoc.fpt.edu.vn/chuyen-nganh/logistics-va-quan-ly-chuoi-cung-ung-toan-cau/","1","text/html","data/raw/fpt_admission/html/1cbee6c94999e1e4a3283057.html"
"https://daihoc.fpt.edu.vn/chuyen-nganh/luat/","1","text/html","data/raw/fpt_admission/html/dd519876212d843b1aae6fab.html"
"https://daihoc.fpt.edu.vn/chuyen-nganh/luat-kinh-te/","1","text/html","data/raw/fpt_admission/html/351785bc94f0ed5deee81af1.html"
"https://daihoc.fpt.edu.vn/chuyen-nganh/marketing/","1","text/html","data/raw/fpt_admission/html/26ca336d12a331651229d240.html"
"https://daihoc.fpt.edu.vn/chuyen-nganh/ngon-ngu-anh/","1","text/html","data/raw/fpt_admission/html/2daa62eb0fb582aa7b43fc65.html"
"https://daihoc.fpt.edu.vn/chuyen-nganh/ngon-ngu-han-quoc/","1","text/html","data/raw/fpt_admission/html/49892ca3d4eef28796b367b6.html"
"https://daihoc.fpt.edu.vn/chuyen-nganh/ngon-ngu-trung-quoc/","1","text/html","data/raw/fpt_admission/html/cc88b925f7e2d08d639ab867.html"
"https://daihoc.fpt.edu.vn/chuyen-nganh/phan-tich-kinh-doanh-business-analytics/","1","text/html","data/raw/fpt_admission/html/6aa22440435af71b51ebf334.html"
"https://daihoc.fpt.edu.vn/chuyen-nganh/quan-he-cong-chung/","1","text/html","data/raw/fpt_admission/html/0f0c5d7a97a376854d7f88e2.html"
"https://daihoc.fpt.edu.vn/chuyen-nganh/quan-tri-dich-vu-du-lich-va-lu-hanh/","1","text/html","data/raw/fpt_admission/html/51c3b0f28e8aaeacb95e9cbc.html"
"https://daihoc.fpt.edu.vn/chuyen-nganh/quan-tri-giai-tri-va-su-kien/","1","text/html","data/raw/fpt_admission/html/6f7b44daad3b231b444e3d26.html"
"https://daihoc.fpt.edu.vn/chuyen-nganh/quan-tri-khach-san/","1","text/html","data/raw/fpt_admission/html/408af3187e4bd0a0569505e4.html"
"https://daihoc.fpt.edu.vn/chuyen-nganh/quan-tri-kinh-doanh/","1","text/html","data/raw/fpt_admission/html/0f3e84adf6859ceb102e97cc.html"
"https://daihoc.fpt.edu.vn/chuyen-nganh/quan-tri-thu-mua/","1","text/html","data/raw/fpt_admission/html/bee1ac1d31330d82e646da04.html"
"https://daihoc.fpt.edu.vn/chuyen-nganh/quan-tri-trai-nghiem-khach-hang/","1","text/html","data/raw/fpt_admission/html/6a2e89c1a2f4e323f07f44fd.html"
"https://daihoc.fpt.edu.vn/chuyen-nganh/robot-va-tri-tue-nhan-tao-dinh-huong-uav-va-humanoid/","1","text/html","data/raw/fpt_admission/html/2b3d5bffe87fe2efae829ef7.html"
"https://daihoc.fpt.edu.vn/chuyen-nganh/tai-chinh-doanh-nghiep/","1","text/html","data/raw/fpt_admission/html/8ffd55c88fccc8b739dc2781.html"
"https://daihoc.fpt.edu.vn/chuyen-nganh/tai-chinh-ngan-hang/","1","text/html","data/raw/fpt_admission/html/f031a2f67e62b334fb1d15a5.html"
"https://daihoc.fpt.edu.vn/chuyen-nganh/tai-chinh-thong-minh/","1","text/html","data/raw/fpt_admission/html/bb66a488b4f30f0b9ba87b7d.html"
"https://daihoc.fpt.edu.vn/chuyen-nganh/thiet-ke-do-hoa-va-my-thuat-so/","1","text/html","data/raw/fpt_admission/html/8e9e39ebc610a98b1fe842d9.html"
"https://daihoc.fpt.edu.vn/chuyen-nganh/thiet-ke-vi-mach-ban-dan/","1","text/html","data/raw/fpt_admission/html/00a773e6e04b14fd32f496b3.html"
"https://daihoc.fpt.edu.vn/chuyen-nganh/thuong-mai-dien-tu/","1","text/html","data/raw/fpt_admission/html/99a03152acf28749b4f6ff68.html"
"https://daihoc.fpt.edu.vn/chuyen-nganh/tieng-anh-thuong-mai/","1","text/html","data/raw/fpt_admission/html/3b988f568c9bbdfb956fc28b.html"
"https://daihoc.fpt.edu.vn/chuyen-nganh/tieng-han-thuong-mai/","1","text/html","data/raw/fpt_admission/html/5efa193ba3c1b03bc65bc025.html"
"https://daihoc.fpt.edu.vn/chuyen-nganh/tieng-trung-thuong-mai/","1","text/html","data/raw/fpt_admission/html/cc54f01b204ed36b7a32bf42.html"
"https://daihoc.fpt.edu.vn/chuyen-nganh/tri-tue-nhan-tao/","1","text/html","data/raw/fpt_admission/html/608463d05fbaff0c71488c87.html"
"https://daihoc.fpt.edu.vn/chuyen-nganh/tri-tue-nhan-tao-va-khoa-hoc-du-lieu/","1","text/html","data/raw/fpt_admission/html/fcf33216e341456497f17ee8.html"
"https://daihoc.fpt.edu.vn/chuyen-nganh/truyen-thong-da-phuong-tien/","1","text/html","data/raw/fpt_admission/html/40fcd8179d01fca317c45ce9.html"
"https://daihoc.fpt.edu.vn/chuyen-nganh/truyen-thong-thuong-hieu/","1","text/html","data/raw/fpt_admission/html/b678509cad0f98246e2d1093.html"
"https://daihoc.fpt.edu.vn/chuyen-nganh/vi-mach-ban-dan/","1","text/html","data/raw/fpt_admission/html/c0672b24b8c4aba518fcdf06.html"
"https://daihoc.fpt.edu.vn/dang-ky-dai-hoc-fpt","1","text/html","data/raw/fpt_admission/html/7dd0b816881dcc9a154317ee.html"
"https://daihoc.fpt.edu.vn/dang-ky-hoc-bong/","1","text/html","data/raw/fpt_admission/html/2770bba009967a933b3a73fc.html"
"https://daihoc.fpt.edu.vn/dang-ky-hoc-bong/gioi-thieu-ung-vien","1","text/html","data/raw/fpt_admission/html/52aafc06f10a89a01b8c40bd.html"
"https://daihoc.fpt.edu.vn/dang-ky-hoc-bong/nop-ho-so","1","text/html","data/raw/fpt_admission/html/5fb27f78c8645f876398d8de.html"
"https://daihoc.fpt.edu.vn/dang-ky-tu-van-tuyen-sinh-2026","1","text/html","data/raw/fpt_admission/html/42e069d44f5689538b908972.html"
"https://daihoc.fpt.edu.vn/dang-ky-tu-van-tuyen-sinh-2026/","1","text/html","data/raw/fpt_admission/html/5f3c221c169f6bd65683e0f1.html"
"https://daihoc.fpt.edu.vn/hcm/hoc-bong-quoc-te/","1","text/html","data/raw/fpt_admission/html/844cb6266fd16c717b0d4852.html"
"https://daihoc.fpt.edu.vn/hcm/hoc-bong-sv-doanh-nghiep/","1","text/html","data/raw/fpt_admission/html/59a9338d4d002916219789b6.html"
"https://daihoc.fpt.edu.vn/hcm/thong-bao-tuyen-sinh/","1","text/html","data/raw/fpt_admission/html/6bf57e3ab49bdd6d09ddf717.html"
"https://daihoc.fpt.edu.vn/hcm/ve-fptu/","1","text/html","data/raw/fpt_admission/html/f69097a09b3d4dff9de12dce.html"
"https://daihoc.fpt.edu.vn/hoc-bong","1","text/html","data/raw/fpt_admission/html/9805b954caefdbcca663edbb.html"
"https://daihoc.fpt.edu.vn/hoc-bong/hoc-bong-ban-linh-the-he/","1","text/html","data/raw/fpt_admission/html/c919b802700fd84e9d94f2e4.html"
"https://daihoc.fpt.edu.vn/hoc-bong/hoc-bong-chien-binh-cong-nghe/","1","text/html","data/raw/fpt_admission/html/53a3d2be20576db5edbed1c4.html"
"https://daihoc.fpt.edu.vn/hoc-bong/hoc-bong-nha-lanh-dao-tre/","1","text/html","data/raw/fpt_admission/html/675cc432c1bdfad71b0ee905.html"
"https://daihoc.fpt.edu.vn/hoc-bong/hoc-bong-tai-nang-khoi-nghiep/","1","text/html","data/raw/fpt_admission/html/d2cfd6a0579daee7d072f385.html"
"https://daihoc.fpt.edu.vn/hoc-bong/hoc-bong-tinh-hoa-cong-nghe/","1","text/html","data/raw/fpt_admission/html/b9d3c6dea79afb2b180356ca.html"
"https://daihoc.fpt.edu.vn/hoc-bong/hoc-bong-tin-hoa-mo-loi/","1","text/html","data/raw/fpt_admission/html/3d8350810cbd9264db163a4c.html"
"https://daihoc.fpt.edu.vn/hoc-phi-tai-campus-ha-noi/","1","text/html","data/raw/fpt_admission/html/9b920192ab8d165971916f14.html"
"https://daihoc.fpt.edu.vn/huong-nghiep/ngon-ngu-han-hoc-truong-nao/","1","text/html","data/raw/fpt_admission/html/f80eae6a8ca8cbaf7e35f250.html"
"https://daihoc.fpt.edu.vn/nganh-hoc/cong-nghe-thong-tin/","1","text/html","data/raw/fpt_admission/html/4d5c8098d8c2c36cdfa2a2b9.html"
"https://daihoc.fpt.edu.vn/nganh-hoc/cong-nghe-truyen-thong/","1","text/html","data/raw/fpt_admission/html/ea233a4c3f4a685b21adfdea.html"
"https://daihoc.fpt.edu.vn/nganh-hoc/khoa-hoc-may-tinh/","1","text/html","data/raw/fpt_admission/html/c0b6ac4366b43cf6bc9a00bf.html"
"https://daihoc.fpt.edu.vn/nganh-hoc/luat/","1","text/html","data/raw/fpt_admission/html/a1102f6ecc3cb62f5828b8ac.html"
"https://daihoc.fpt.edu.vn/nganh-hoc/ngon-ngu/","1","text/html","data/raw/fpt_admission/html/a33961d83beb513a083865e8.html"
"https://daihoc.fpt.edu.vn/nganh-hoc/quan-tri-kinh-doanh/","1","text/html","data/raw/fpt_admission/html/c468d80522324c63bb303bc3.html"
"https://daihoc.fpt.edu.vn/phuong-thuc-tuyen-sinh/","1","text/html","data/raw/fpt_admission/html/a6686ba0c92f32cf263e6425.html"
"https://daihoc.fpt.edu.vn/thong-bao-tuyen-sinh/loat-nganh-hoc-khong-the-bo-lo-va-co-hoi-xet-tuyen-bo-sung-cho-2k8-tai-fptu/","1","text/html","data/raw/fpt_admission/html/f4a458e24ff6b2735a6119d2.html"
"https://daihoc.fpt.edu.vn/thong-bao-tuyen-sinh/ma-truong-dai-hoc-fpt/","1","text/html","data/raw/fpt_admission/html/802cfaff58cb2afde0163d15.html"
"https://daihoc.fpt.edu.vn/thong-bao-tuyen-sinh/nhung-manh-ghep-nhan-tai-tiep-tuc-lo-dien-tai-vong-phong-van-dot-2-hoc-bong-nguyen-van-dao/","1","text/html","data/raw/fpt_admission/html/8832f6f831f3262d59ba5aa0.html"
"https://daihoc.fpt.edu.vn/thong-bao-tuyen-sinh/tan-sinh-vien-do-bo-fptu-ron-rang-khong-khi-nhap-hoc-tren-toan-quoc/","1","text/html","data/raw/fpt_admission/html/d61e95b0bc9e651a5867753c.html"
"https://daihoc.fpt.edu.vn/thong-bao-tuyen-sinh/truong-dai-hoc-fpt-cong-bo-diem-chuan-nam-2026-tiep-tuc-nhan-ho-so-xet-tuyen-mot-so-nganh/","1","text/html","data/raw/fpt_admission/html/3faa516de5ed537e7f4e17e7.html"
"https://daihoc.fpt.edu.vn/thong-bao-tuyen-sinh/truong-dai-hoc-fpt-ra-mat-he-thong-kiem-tra-dieu-kien-xet-tuyen-nam-2026/","1","text/html","data/raw/fpt_admission/html/e8d86022113c4985441e7ba1.html"
"https://daihoc.fpt.edu.vn/tin-tuc/truong-dai-hoc-fpt-cong-bo-ket-qua-tuyen-sinh-2026/","1","text/html","data/raw/fpt_admission/html/30e502403a4535aa91f6775e.html"
"https://daihoc.fpt.edu.vn/tuyen-sinh","1","text/html","data/raw/fpt_admission/html/9e0f74c1f789c6a896f3766c.html"
"https://daihoc.fpt.edu.vn/ve-fptu/","1","text/html","data/raw/fpt_admission/html/4e911f83fdb93edf81db41e9.html"
"https://daihoc.fpt.edu.vn/chuong-trinh-dao-tao","2","text/html","data/raw/fpt_admission/html/24ed1123702eef948b28441f.html"
"https://daihoc.fpt.edu.vn/chuyen-muc/thong-bao-tuyen-sinh/page/2/","2","text/html","data/raw/fpt_admission/html/17b575c688ff1ee1e7d09a2f.html"
"https://daihoc.fpt.edu.vn/chuyen-muc/thong-bao-tuyen-sinh/page/3/","2","text/html","data/raw/fpt_admission/html/08371c3eea76811a0cda212b.html"
"https://daihoc.fpt.edu.vn/chuyen-nganh/cong-nghe-tai-chinh/","2","text/html","data/raw/fpt_admission/html/410dde64b48d1fd2c95c5163.html"
"https://daihoc.fpt.edu.vn/dang-ky-hoc-bong","2","text/html","data/raw/fpt_admission/html/9d422dc7fd37cf90f4b30c3d.html"
"https://daihoc.fpt.edu.vn/dang-ky-tu-van-tuyen-sinh-2026/?utm_source=SEO&utm_medium=TV&utm_campaign=SEO_FROM","2","text/html","data/raw/fpt_admission/html/fbfa27b76761ac6ce29e01bd.html"
"https://daihoc.fpt.edu.vn/hcm/810-suat-hoc-bong-vung-tuong-lai-nam-hoc-2025-2026-dong-hanh-cung-hoc-sinh-sinh-vien-viet-nam/","2","text/html","data/raw/fpt_admission/html/1ac842e2d236a6f7ec9afb06.html"
"https://daihoc.fpt.edu.vn/hcm/amcham-trao-hoc-bong-2025-cho-5-sinh-vien-truong-dai-hoc-fpt/","2","text/html","data/raw/fpt_admission/html/c34511d6478649b524169d29.html"
"https://daihoc.fpt.edu.vn/hcm/fpt-software-trao-hoc-bong-tai-nang-nganh-cong-nghe-o-to-so-cho-ba-sinh-vien-truong-dai-hoc-fpt/","2","text/html","data/raw/fpt_admission/html/40b365f3e3902e18de2a9f40.html"
"https://daihoc.fpt.edu.vn/hcm/fsb-hoa-chung-khong-khi-convocation-day-2025-trao-hoc-bong-mba-cho-ba-thu-khoa-xuat-sac-cua-dai-hoc-fpt/","2","text/html","data/raw/fpt_admission/html/fcaa9dc7a10e960aae8f2213.html"
"https://daihoc.fpt.edu.vn/hcm/hoc-bong-chuong-trinh-nextgen-mentorship-2026-tu-jobbags-chinh-thuc-mo-don/","2","text/html","data/raw/fpt_admission/html/16d27193088d8e7d176d965e.html"
"https://daihoc.fpt.edu.vn/hcm/hoc-bong-gamuda-2026-khoi-dau-hanh-trinh-kien-tao-tuong-lai/","2","text/html","data/raw/fpt_admission/html/ec9e2ba48228088823cb4d35.html"
"https://daihoc.fpt.edu.vn/hcm/hoc-bong-s80-international-education-scholarship-chi-con-khoang-4-000-suat-ho-tro-hoc-ielts/","2","text/html","data/raw/fpt_admission/html/eff3772e4e44dec434940627.html"
"https://daihoc.fpt.edu.vn/hcm/hoc-bong-thac-si-rs-gis-2026-tai-vien-cong-nghe-chau-a-ait-chinh-thuc-mo-don/","2","text/html","data/raw/fpt_admission/html/7c901fdea9f755fbc6daef6d.html"
"https://daihoc.fpt.edu.vn/hcm/hoc-sinh-tai-cac-truong-thpt-sau-duoc-nhan-hoc-bong-khu-vuc-1-tai-campus-ho-chi-minh/","2","text/html","data/raw/fpt_admission/html/a56e3e4fcc3fb06aa120c839.html"
"https://daihoc.fpt.edu.vn/hcm/ielts-mentor-trao-hoc-bong-100-hoc-phi-cho-7-tan-thu-khoa-truong-dai-hoc-fpt/","2","text/html","data/raw/fpt_admission/html/ad28d12d3fa8fee972f6db33.html"
"https://daihoc.fpt.edu.vn/hcm/le-tong-ket-trao-hoc-bong-chuong-trinh-ky-su-cntt-nhat-ban-khoa-1/","2","text/html","data/raw/fpt_admission/html/e43119de6b6b6a770ab59863.html"
"https://daihoc.fpt.edu.vn/hcm/sinh-vien-truong-dai-hoc-fpt-nhan-hoc-bong-jabil-viet-nam-2026/","2","text/html","data/raw/fpt_admission/html/eab6c3347d4a92ffc8c45eb7.html"
"https://daihoc.fpt.edu.vn/hcm/sinh-vien-truong-dai-hoc-fpt-nhan-hoc-bong-jabil-viet-nam-2026-2/","2","text/html","data/raw/fpt_admission/html/de21af5f3c6b18f96900d755.html"
"https://daihoc.fpt.edu.vn/hcm/tag/le-trao-hoc-bong/","2","text/html","data/raw/fpt_admission/html/f5c623bce79579fe234101ff.html"
"https://daihoc.fpt.edu.vn/hoat-dong-nha-truong/tin-tuc-chung/autogo-tu-do-an-tot-nghiep-den-nen-tang-marketing-automation-ai-first-cho-doanh-nghiep-smes/","2","text/html","data/raw/fpt_admission/html/e3e884ac23989210a6c357ab.html"
"https://daihoc.fpt.edu.vn/hoat-dong-nha-truong/tin-tuc-nganh-cong-nghe-thong-tin/fptu-khai-truong-phong-lab-khoa-an-toan-thong-tin-tang-cuong-moi-truong-dao-tao-va-nghien-cuu-an-ninh-mang/","2","text/html","data/raw/fpt_admission/html/c7541e8ecff4f450ff7901df.html"
"https://daihoc.fpt.edu.vn/hoat-dong-nha-truong/tin-tuc-nganh-cong-nghe-thong-tin/lo-hong-bao-mat-cve/","2","text/html","data/raw/fpt_admission/html/69d3d7dd0ef479e2459e4ac0.html"
"https://daihoc.fpt.edu.vn/hoat-dong-nha-truong/tin-tuc-nganh-cong-nghe-thong-tin/truong-dai-hoc-fpt-va-trung-tam-chuyen-doi-so-tp-hcm-ky-ket-hop-tac-chien-luoc-giai-doan-2025-2026/","2","text/html","data/raw/fpt_admission/html/b5df66540ebe0d6c8b7bdfe8.html"
"https://daihoc.fpt.edu.vn/hoat-dong-nha-truong/tin-tuc-nganh-cong-nghe-truyen-thong/gs-ts-ta-ngoc-tan-nguoi-lam-truyen-thong-khong-canh-tranh-voi-ai-ma-kiem-soat-va-dieu-hanh-ai/","2","text/html","data/raw/fpt_admission/html/e935ed584549946c38aa0025.html"
"https://daihoc.fpt.edu.vn/hoat-dong-nha-truong/tin-tuc-nganh-cong-nghe-truyen-thong/hanh-trinh-cham-tay-den-danh-hieu-thu-khoa-nuoc-mat-su-kien-tri-va-tinh-than-tan-binh/","2","text/html","data/raw/fpt_admission/html/c621044afef54e3db784622f.html"
"https://daihoc.fpt.edu.vn/hoat-dong-nha-truong/tin-tuc-nganh-cong-nghe-truyen-thong/sao-dau-mu-du-an-viet-lai-ky-uc-chien-tranh-bang-cong-nghe-cua-sinh-vien-fptu-cham-den-trieu-trai-tim/","2","text/html","data/raw/fpt_admission/html/79583eaa032b68a1753bfd6f.html"
"https://daihoc.fpt.edu.vn/hoat-dong-nha-truong/tin-tuc-nganh-cong-nghe-truyen-thong/sinh-vien-fptu-duoc-nha-truong-rot-20-trieu-dong-hien-thuc-hoa-do-an-tot-nghiep-ve-nghe-thuat-tuong/","2","text/html","data/raw/fpt_admission/html/87354d8d7e1496124f04a62d.html"
"https://daihoc.fpt.edu.vn/hoat-dong-nha-truong/tin-tuc-nganh-cong-nghe-truyen-thong/sinh-vien-fptu-phat-dong-chien-dich-f5-lai-bo-nao-chong-noi-dung-rac-tren-mang-xa-hoi/","2","text/html","data/raw/fpt_admission/html/92acdb51695bf946037a9c7c.html"
"https://daihoc.fpt.edu.vn/hoat-dong-nha-truong/tin-tuc-nganh-cong-nghe-truyen-thong/the-thao-xanh-du-an-cua-sinh-vien-fptu-duoc-trinh-bay-tai-hoi-thao-asean-ve-the-thao-2025/","2","text/html","data/raw/fpt_admission/html/f92789cd0f60d25f4a0a5183.html"
"https://daihoc.fpt.edu.vn/hoat-dong-nha-truong/tin-tuc-nganh-cong-nghe-truyen-thong/thu-khoa-trao-nhat-hang-va-hanh-trinh-ruc-ro-cua-mot-gen-z-3-tot/","2","text/html","data/raw/fpt_admission/html/8e5583a3d945ec393f9717b0.html"
"https://daihoc.fpt.edu.vn/hoat-dong-nha-truong/tin-tuc-nganh-khoa-hoc-may-tinh/chon-nganh-the-nao-de-on-dinh-trong-thoi-ai/","2","text/html","data/raw/fpt_admission/html/17b1d3d955da471f922d1c03.html"
"https://daihoc.fpt.edu.vn/hoat-dong-nha-truong/tin-tuc-nganh-khoa-hoc-may-tinh/chuyen-gia-giao-duc-chia-se-bi-kip-chon-nganh-hoc-phu-hop-xu-the-cho-hoc-sinh-thpt-2/","2","text/html","data/raw/fpt_admission/html/64a9871ab3cfc87a623f9d2a.html"
"https://daihoc.fpt.edu.vn/hoat-dong-nha-truong/tin-tuc-nganh-khoa-hoc-may-tinh/thu-khoa-dau-ra-nganh-cong-nghe-thong-tin-bo-qua-2-truong-top-dau-chon-fptu-va-tro-thanh-ky-su-tai-trung-tam-ai-trieu-do-3/","2","text/html","data/raw/fpt_admission/html/6d1a83a06e58925273d111d7.html"
"https://daihoc.fpt.edu.vn/hoat-dong-nha-truong/tin-tuc-nganh-khoa-hoc-may-tinh/truong-dai-hoc-fpt-mo-rong-nganh-dao-tao-dap-ung-nhu-cau-va-xu-huong-viec-lam-tuong-lai/","2","text/html","data/raw/fpt_admission/html/98ba01c79ffacce870c9a77e.html"
"https://daihoc.fpt.edu.vn/hoat-dong-nha-truong/tin-tuc-nganh-ngon-ngu/hoa-hau-nguyen-ngoc-kieu-duy-niem-tu-hao-cua-truong-dai-hoc-fpt/","2","text/html","data/raw/fpt_admission/html/83402d686c388046d5fb6501.html"
"https://daihoc.fpt.edu.vn/hoat-dong-nha-truong/tin-tuc-nganh-ngon-ngu/hoa-hau-nguyen-ngoc-kieu-duy-rang-ro-ngay-tro-ve-truong/","2","text/html","data/raw/fpt_admission/html/68f08950115f00a1b8c4dc80.html"
"https://daihoc.fpt.edu.vn/hoat-dong-nha-truong/tin-tuc-nganh-ngon-ngu/hoa-hau-quoc-gia-viet-nam-nguyen-ngoc-kieu-duy-trong-mat-ban-be/","2","text/html","data/raw/fpt_admission/html/1eab8071cf83eb561159e230.html"
"https://daihoc.fpt.edu.vn/hoat-dong-nha-truong/tin-tuc-nganh-ngon-ngu/ngo-nguyen-cat-tuong-co-nang-thu-khoa-tung-so-hoc-online/","2","text/html","data/raw/fpt_admission/html/8bd9829d5f6aa1d2b6de193a.html"
"https://daihoc.fpt.edu.vn/hoat-dong-nha-truong/tin-tuc-nganh-ngon-ngu/nhom-sinh-vien-truong-dai-hoc-fpt/","2","text/html","data/raw/fpt_admission/html/1167eabf0751a0fb55713628.html"
"https://daihoc.fpt.edu.vn/hoat-dong-nha-truong/tin-tuc-nganh-ngon-ngu/roi-bo-it-de-theo-duoi-dam-me-ngon-ngu-quyet-dinh-lieu-linh-va-cai-ket-vien-man-cua-chang-cuu-coc-fptu/","2","text/html","data/raw/fpt_admission/html/f643c0ee0d95601b9ca953f9.html"
"https://daihoc.fpt.edu.vn/hoat-dong-nha-truong/tin-tuc-nganh-ngon-ngu/sinh-vien-fptu-nhap-vai-thanh-nguoi-noi-tieng-pho-dien-ngoai-ngu-va-kha-nang-ung-bien-tai-fpt-lafest-2025/","2","text/html","data/raw/fpt_admission/html/ef29601b5047cf2b36e565d5.html"
"https://daihoc.fpt.edu.vn/hoat-dong-nha-truong/tin-tuc-nganh-quan-tri-kinh-doanh/coc-vang-an-gia-khuong-voi-10-bai-bao-quoc-te-q1-q2-nam-chinh-ngoai-doi-that-tai-fptu/","2","text/html","data/raw/fpt_admission/html/5d6465946a751fb593253359.html"
"https://daihoc.fpt.edu.vn/hoat-dong-nha-truong/tin-tuc-nganh-quan-tri-kinh-doanh/le-nhap-mon-du-lich-lu-hanh/","2","text/html","data/raw/fpt_admission/html/1df991426c19b74b2eea3557.html"
"https://daihoc.fpt.edu.vn/hoat-dong-nha-truong/tin-tuc-nganh-quan-tri-kinh-doanh/le-nhap-mon-quan-tri-khach-san/","2","text/html","data/raw/fpt_admission/html/41c88461f5a8d64ec79734df.html"
"https://daihoc.fpt.edu.vn/hoat-dong-nha-truong/tin-tuc-nganh-quan-tri-kinh-doanh/nguyen-kim-huyen-ngoc-nu-sinh-hai-lan-coc-vang-va-danh-hieu-thu-khoa-fptu-2025/","2","text/html","data/raw/fpt_admission/html/20a9390a71693f109cdccb75.html"
"https://daihoc.fpt.edu.vn/hoat-dong-nha-truong/tin-tuc-nganh-quan-tri-kinh-doanh/sac-viet-khi-sinh-vien-fptu-danh-thuc-di-san-bang-cong-nghe-ar/","2","text/html","data/raw/fpt_admission/html/fa1033cc9497c30c05649107.html"
"https://daihoc.fpt.edu.vn/hoat-dong-nha-truong/tin-tuc-nganh-quan-tri-kinh-doanh/tour-outbound-thai-lan/","2","text/html","data/raw/fpt_admission/html/831f7629afd96cb1039a235c.html"
"https://daihoc.fpt.edu.vn/huong-nghiep/nganh-marketing-co-de-xin-viec-khong/","2","text/html","data/raw/fpt_admission/html/15a8d901b41dc4d35bb39c6f.html"
"https://daihoc.fpt.edu.vn/tin-noi-bat/chang-thu-khoa-nganh-cong-nghe-thong-tin-so-huu-10-bai-bao-quoc-te-va-hanh-trinh-chinh-phuc-loat-giai-thuong-chuyen-nganh/","2","text/html","data/raw/fpt_admission/html/6895c337643dd9a915a302e0.html"
"https://daihoc.fpt.edu.vn/tin-tuc/huong-dan-thu-tuc-nhap-hoc-cho-thi-sinh-trung-tuyen-truong-dai-hoc-fpt-nam-2026/","2","text/html","data/raw/fpt_admission/html/497bd51e484709b05764c9b1.html"
"https://daihoc.fpt.edu.vn/bao-chi-noi-ve-fptu/da-den-luc-chon-dai-hoc-theo-nang-luc-thich-ung-khong-chi-theo-nganh-hoc/","3","text/html","data/raw/fpt_admission/html/dd85742a90d4397db5f620c8.html"
"https://daihoc.fpt.edu.vn/chuyen-muc/hoat-dong-nha-truong/tin-tuc-nganh-cong-nghe-thong-tin/","3","text/html","data/raw/fpt_admission/html/c4117c02d59c1717dd56e404.html"
"https://daihoc.fpt.edu.vn/chuyen-muc/hoat-dong-nha-truong/tin-tuc-nganh-cong-nghe-truyen-thong/","3","text/html","data/raw/fpt_admission/html/54fad1ae909a85755e4a6ac2.html"
"https://daihoc.fpt.edu.vn/chuyen-muc/hoat-dong-nha-truong/tin-tuc-nganh-khoa-hoc-may-tinh/","3","text/html","data/raw/fpt_admission/html/4de5f4fa41c959b9027068d7.html"
"https://daihoc.fpt.edu.vn/chuyen-muc/hoat-dong-nha-truong/tin-tuc-nganh-ngon-ngu/","3","text/html","data/raw/fpt_admission/html/3b2dfda03de8cd98b5893a69.html"
"https://daihoc.fpt.edu.vn/chuyen-muc/hoat-dong-nha-truong/tin-tuc-nganh-quan-tri-kinh-doanh/","3","text/html","data/raw/fpt_admission/html/374e0ad5a81ece691f91947f.html"
"https://daihoc.fpt.edu.vn/hcm/tu-nhung-bai-toan-doi-song-den-giai-phap-cong-nghe-da-dang-do-an-dac-sac-cua-sinh-vien-ky-thuat-phan-mem/","3","text/html","data/raw/fpt_admission/html/032214f25968a9522675d401.html"
"https://daihoc.fpt.edu.vn/hoat-dong-nha-truong/tin-tuc-nganh-luat/chuyen-gia-giao-duc-chia-se-bi-kip-chon-nganh-hoc-phu-hop-xu-the-cho-hoc-sinh-thpt/","3","text/html","data/raw/fpt_admission/html/f863b8f34c8f460a60711dd6.html"
"https://daihoc.fpt.edu.vn/hoat-dong-nha-truong/tin-tuc-nganh-luat/tiep-noi-hanh-trinh-fptu-open-day-hang-nghin-2k8-giai-ma-nganh-hoc-va-cham-thu-cuoc-song-sinh-vien/","3","text/html","data/raw/fpt_admission/html/e11588b2ac83bf930d6ec6bc.html"
"https://daihoc.fpt.edu.vn/thong-bao-tuyen-sinh/hoc-ba-tranh-tai-dem-nguoc-thoi-han-dang-ky-san-hoc-bong-truong-dh-fpt/","3","text/html","data/raw/fpt_admission/html/a5603362907066d680648f8c.html"
"https://daihoc.fpt.edu.vn/thong-bao-tuyen-sinh/hoc-sinh-thpt-do-bo-truong-dai-hoc-fpt-trong-ngay-hoi-open-day-tai-tp-hcm-trai-nghiem-cong-nghe-va-dinh-huong-tuong-lai/","3","text/html","data/raw/fpt_admission/html/bbd25294df9aa157eb87726e.html"
"https://daihoc.fpt.edu.vn/thong-bao-tuyen-sinh/huong-dan-nop-ho-so-dang-ky-chuong-trinh-tim-kiem-nhan-tai-ky-nguyen-so-viet-nam-2026/","3","text/html","data/raw/fpt_admission/html/1e8e895e3bf4cf056c1619b8.html"
"https://daihoc.fpt.edu.vn/thong-bao-tuyen-sinh/truong-dai-hoc-fpt-giam-30-hoc-phi-cho-hoc-sinh-khu-vuc-1-mo-rong-co-hoi-tiep-can-giao-duc-dai-hoc-chat-luong-cao/","3","text/html","data/raw/fpt_admission/html/93c86712332f0ddb30079a21.html"
"https://daihoc.fpt.edu.vn/tin-noi-bat-muc-tin-tuc/truong-dai-hoc-fpt-chinh-thuc-mo-cong-dang-ky-chuong-trinh-hoc-bong-tim-kiem-nhan-tai-ky-nguyen-so/","3","text/html","data/raw/fpt_admission/html/9e6a6d330ef6f00394af27de.html"
"https://daihoc.fpt.edu.vn/tin-tuc/huong-dan-gioi-thieu-ung-vien-chuong-trinh-tim-kiem-nhan-tai-ky-nguyen-so-viet-nam/","3","text/html","data/raw/fpt_admission/html/4c480d01bb7a0e57bb9322c1.html"
"https://daihoc.fpt.edu.vn/tin-tuc/truong-dai-hoc-fpt-cong-bo-chuong-trinh-hoc-bong-tim-kiem-nhan-tai-ky-nguyen-so-voi-nhung-dac-quyen-chua-tung-co/","3","text/html","data/raw/fpt_admission/html/01f5dcf9bbf999897836fdf9.html"
"https://daihoc.fpt.edu.vn/tin-tuc/truong-dai-hoc-fpt-cong-bo-du-kien-phuong-thuc-tuyen-sinh-2026/","3","text/html","data/raw/fpt_admission/html/c624d4480d1cd0d49285b6c8.html"
